first_name,last_name,email,company_name
Myrtia,Rickman,mrickman0@is.gd,Youtags
Karie,Oakhill,koakhill1@japanpost.jp,Skidoo
Renell,Justun,rjustun2@techcrunch.com,Tagopia
Felecia,Moffett,fmoffett3@goo.gl,Dablist
Neron,Semechik,nsemechik4@trellian.com,Trudeo
Johann,Bevans,jbevans5@theglobeandmail.com,Digitube
Monique,Boch,mboch6@dion.ne.jp,Kanoodle
Mar,Cornilleau,mcornilleau7@canalblog.com,Brainsphere
Maure,Wiggin,mwiggin8@umn.edu,Mynte
Wandie,Bartosch,wbartosch9@creativecommons.org,Dynabox
Hobart,Farrer,hfarrera@sciencedaily.com,Wikizz
Efren,Fice,eficeb@qq.com,Livetube
Jobyna,Nottle,jnottlec@pagesperso-orange.fr,Yakitri
Anton,Palphramand,apalphramandd@creativecommons.org,Fivebridge
Antony,Lavery,alaverye@amazon.com,Shuffledrive
Rhea,Chavey,rchaveyf@nytimes.com,Gigabox
Anica,Kroon,akroong@youtu.be,Skinix
Faye,Wolford,fwolfordh@ihg.com,Oyoyo
Launce,Phillp,lphillpi@google.pl,Gevee
Lonee,Kiebes,lkiebesj@jugem.jp,Topicblab
Lana,Cowling,lcowlingk@dell.com,Oyonder
Blondell,Malham,bmalhaml@ucoz.ru,Voonix
Tris,Ishaki,tishakim@zimbio.com,Eidel
Abraham,Royds,aroydsn@nytimes.com,Skilith
Kent,Fernehough,kfernehougho@flickr.com,Twiyo
Francisco,Skyrm,fskyrmp@chicagotribune.com,Pixoboo
Iona,Baldree,ibaldreeq@marriott.com,Mycat
Danya,Knotte,dknotter@examiner.com,Zooxo
Court,Tome,ctomes@furl.net,Quaxo
Lissie,Winward,lwinwardt@admin.ch,Browsecat
Arnie,Hutchins,ahutchinsu@t-online.de,Ozu
Brigid,Greenan,bgreenanv@theguardian.com,Wikizz
Grover,Watkiss,gwatkissw@dion.ne.jp,Oozz
Jennica,Edgeson,jedgesonx@fc2.com,Livepath
Jennifer,Richardon,jrichardony@wisc.edu,Zoombox
Tatum,McGorman,tmcgormanz@sohu.com,Yadel
Josi,Losty,jlosty10@angelfire.com,Agivu
Lianna,Izakoff,lizakoff11@reference.com,Trilia
Marylynne,Traynor,mtraynor12@fema.gov,Kaymbo
Andrey,Rabidge,arabidge13@cbc.ca,Yata
Conan,Kewish,ckewish14@rakuten.co.jp,Flashset
Kerry,Champneys,kchampneys15@digg.com,Roomm
Mella,Chaudhry,mchaudhry16@hhs.gov,Vidoo
Rudyard,McOwan,rmcowan17@discuz.net,Eimbee
Brandais,Tomlett,btomlett18@amazon.co.uk,Feedspan
Leland,Tellett,ltellett19@ftc.gov,Pixoboo
Karlyn,Searston,ksearston1a@marketwatch.com,Gabtune
Kipper,Prestner,kprestner1b@addthis.com,Brainsphere
Anatole,Midlane,amidlane1c@dell.com,Topiclounge
Weber,Birchenough,wbirchenough1d@springer.com,Teklist
Cy,Rodrig,crodrig1e@odnoklassniki.ru,Jaxnation
Dalli,Gruszka,dgruszka1f@tinypic.com,Kazio
Chris,Skillanders,cskillanders1g@joomla.org,Youbridge
Joline,Brosch,jbrosch1h@bloomberg.com,Blogpad
Parke,Kluss,pkluss1i@hexun.com,Brightbean
Alfie,Livingston,alivingston1j@auda.org.au,Meevee
Danya,Charette,dcharette1k@tuttocitta.it,Youtags
Marilyn,Caldayrou,mcaldayrou1l@lycos.com,Twimbo
Babara,Scurfield,bscurfield1m@imageshack.us,Edgeify
Benson,Dalston,bdalston1n@fastcompany.com,Latz
Berti,Miner,bminer1o@pen.io,Meezzy
Vernon,Bromfield,vbromfield1p@digg.com,Realbuzz
Maryanna,Vobes,mvobes1q@feedburner.com,Livetube
Zarla,Filewood,zfilewood1r@phoca.cz,Mynte
Diego,Parres,dparres1s@cbsnews.com,Voolia
Stephen,Antonellini,santonellini1t@desdev.cn,Thoughtstorm
Dorey,Dearl,ddearl1u@cisco.com,Mybuzz
Justina,Pryor,jpryor1v@oracle.com,Gabvine
Lloyd,Kassman,lkassman1w@typepad.com,Twitterlist
Adaline,Hulburt,ahulburt1x@joomla.org,Feedbug
Dody,Circuitt,dcircuitt1y@bbb.org,Jetpulse
Antonin,Kempton,akempton1z@webs.com,Shufflester
Margaux,Romeuf,mromeuf20@yellowbook.com,Linkbridge
Milty,Abate,mabate21@umich.edu,Pixoboo
Land,McLoughlin,lmcloughlin22@indiatimes.com,Kaymbo
Lindon,Lassells,llassells23@hp.com,Yodo
Kimbell,Kloisner,kkloisner24@taobao.com,Tagpad
Nichols,Brouard,nbrouard25@guardian.co.uk,Jetwire
Reuven,Linney,rlinney26@examiner.com,Dabtype
Hollyanne,Ryall,hryall27@msn.com,Kwimbee
Feliza,Bransgrove,fbransgrove28@umn.edu,Snaptags
Alasdair,Biggen,abiggen29@mysql.com,Yodo
Tailor,Scripture,tscripture2a@blogtalkradio.com,Katz
Rorie,Grestie,rgrestie2b@chron.com,Skiptube
Fielding,Bison,fbison2c@independent.co.uk,Flipopia
Chev,Bourner,cbourner2d@apple.com,Gevee
Saunder,Behneke,sbehneke2e@photobucket.com,Zava
Carey,Galvin,cgalvin2f@usgs.gov,Thoughtsphere
Tate,Waddell,twaddell2g@buzzfeed.com,Midel
Bethany,Bawle,bbawle2h@unicef.org,Quimm
Alys,Fronsek,afronsek2i@acquirethisname.com,Edgetag
Ahmed,Lorans,alorans2j@blogtalkradio.com,Jayo
Tanney,Fetherstonhaugh,tfetherstonhaugh2k@state.gov,Buzzshare
Fons,Beek,fbeek2l@mapy.cz,Nlounge
Beverlie,Earthfield,bearthfield2m@slashdot.org,Ooba
Brett,Dur,bdur2n@sohu.com,Yata
Joline,Rosenstengel,jrosenstengel2o@fastcompany.com,Kimia
Cobbie,Udall,cudall2p@admin.ch,Meejo
Mina,Hayer,mhayer2q@miibeian.gov.cn,Realbuzz
Eolanda,Peat,epeat2r@angelfire.com,Dabshots
